{"cameraMode":{"drawMode":0,"name":"Shaded","section":"Shading Mode"},"sceneLighting":true,"audioPlay":false,"sceneViewState":{"showFog":true,"showMaterialUpdate":true,"showSkybox":true,"showFlares":true,"showImageEffects":true,"showParticleSystems":true},"in2DMode":false,"pivot":{"x":46.110626220703128,"y":-19.57059669494629,"z":3.1720361709594728},"rotation":{"x":-0.011996611021459103,"y":0.9623243808746338,"z":-0.26820704340934756,"w":-0.04304391145706177},"size":87.61609649658203,"orthographic":false}