{"cameraMode":{"drawMode":0,"name":"Shaded","section":"Shading Mode"},"sceneLighting":true,"audioPlay":false,"sceneViewState":{"showFog":true,"showMaterialUpdate":true,"showSkybox":true,"showFlares":true,"showImageEffects":true,"showParticleSystems":true},"in2DMode":false,"pivot":{"x":-32.00090408325195,"y":-9.605960845947266,"z":-1.8523563146591187},"rotation":{"x":0.1810987889766693,"y":-0.6882891654968262,"z":0.18383726477622987,"w":0.6780413389205933},"size":93.12936401367188,"orthographic":false}