{"cameraMode":{"drawMode":0,"name":"Shaded","section":"Shading Mode"},"sceneLighting":false,"audioPlay":false,"sceneViewState":{"showFog":true,"showMaterialUpdate":true,"showSkybox":true,"showFlares":true,"showImageEffects":true,"showParticleSystems":true},"in2DMode":false,"pivot":{"x":0.8630084991455078,"y":-0.1005706787109375,"z":-3.722505569458008},"rotation":{"x":0.2101888209581375,"y":-0.7568850517272949,"z":0.2913946509361267,"w":0.5459669828414917},"size":4.211613178253174,"orthographic":false}