{"cameraMode":{"drawMode":0,"name":"Shaded","section":"Shading Mode"},"sceneLighting":false,"audioPlay":false,"sceneViewState":{"showFog":true,"showMaterialUpdate":true,"showSkybox":true,"showFlares":true,"showImageEffects":true,"showParticleSystems":true},"in2DMode":false,"pivot":{"x":-0.3736846148967743,"y":2.2921931743621828,"z":-1.3049551248550416},"rotation":{"x":0.0039053212385624649,"y":0.8243007063865662,"z":-0.005686126183718443,"w":0.5661102533340454},"size":1.8386690616607667,"orthographic":false}