{"cameraMode":{"drawMode":0,"name":"Shaded","section":"Shading Mode"},"sceneLighting":false,"audioPlay":false,"sceneViewState":{"showFog":true,"showMaterialUpdate":true,"showSkybox":true,"showFlares":true,"showImageEffects":true,"showParticleSystems":true},"in2DMode":false,"pivot":{"x":-0.06766942143440247,"y":2.8578453063964845,"z":-1.2790675163269044},"rotation":{"x":-0.018595421686768533,"y":0.02399357222020626,"z":0.0004465403326321393,"w":0.9995390772819519},"size":1.667667269706726,"orthographic":false}