{"cameraMode":{"drawMode":0,"name":"Shaded","section":"Shading Mode"},"sceneLighting":false,"audioPlay":false,"sceneViewState":{"showFog":true,"showMaterialUpdate":false,"showSkybox":true,"showFlares":true,"showImageEffects":true,"showParticleSystems":true},"in2DMode":false,"pivot":{"x":4.695285320281982,"y":0.3594849705696106,"z":2.0745205879211427},"rotation":{"x":-0.10467550158500672,"y":-0.4792725741863251,"z":0.057698462158441547,"w":-0.8694893717765808},"size":7.883944511413574,"orthographic":false}