{"cameraMode":{"drawMode":0,"name":"Shaded","section":"Shading Mode"},"sceneLighting":true,"audioPlay":false,"sceneViewState":{"showFog":true,"showMaterialUpdate":true,"showSkybox":true,"showFlares":true,"showImageEffects":true,"showParticleSystems":true},"in2DMode":false,"pivot":{"x":0.29172617197036745,"y":2.685245990753174,"z":-1.938164234161377},"rotation":{"x":0.14142049849033357,"y":-0.00593913160264492,"z":0.0008482924313284457,"w":0.9899314641952515},"size":7.0201849937438969,"orthographic":false}