{"cameraMode":{"drawMode":0,"name":"Shaded","section":"Shading Mode"},"sceneLighting":false,"audioPlay":false,"sceneViewState":{"showFog":true,"showMaterialUpdate":true,"showSkybox":true,"showFlares":true,"showImageEffects":true,"showParticleSystems":true},"in2DMode":false,"pivot":{"x":0.015063662081956864,"y":1.674552083015442,"z":-0.8099086880683899},"rotation":{"x":-0.20111332833766938,"y":0.6777177453041077,"z":-0.20099303126335145,"w":-0.678125262260437},"size":1.1948689222335816,"orthographic":false}