{"cameraMode":{"drawMode":0,"name":"Shaded","section":"Shading Mode"},"sceneLighting":false,"audioPlay":false,"sceneViewState":{"showFog":true,"showMaterialUpdate":true,"showSkybox":true,"showFlares":true,"showImageEffects":true,"showParticleSystems":true},"in2DMode":false,"pivot":{"x":2.1081252098083498,"y":1.3225001096725464,"z":-1.568698763847351},"rotation":{"x":0.03307967260479927,"y":0.9495605230331421,"z":-0.10727892816066742,"w":0.29280000925064089},"size":4.873314380645752,"orthographic":false}