{"cameraMode":{"drawMode":0,"name":"Shaded","section":"Shading Mode"},"sceneLighting":false,"audioPlay":false,"sceneViewState":{"showFog":true,"showMaterialUpdate":true,"showSkybox":true,"showFlares":true,"showImageEffects":true,"showParticleSystems":true},"in2DMode":false,"pivot":{"x":-1.1070001125335694,"y":2.4845399856567385,"z":-11.098176956176758},"rotation":{"x":0.14347189664840699,"y":-0.06792433559894562,"z":0.009871468879282475,"w":0.9872713685035706},"size":1.6628226041793824,"orthographic":false}