{"cameraMode":{"drawMode":0,"name":"Shaded","section":"Shading Mode"},"sceneLighting":false,"audioPlay":false,"sceneViewState":{"showFog":true,"showMaterialUpdate":true,"showSkybox":true,"showFlares":true,"showImageEffects":true,"showParticleSystems":true},"in2DMode":false,"pivot":{"x":2.010244846343994,"y":2.2550182342529299,"z":0.50007164478302},"rotation":{"x":-0.019117191433906556,"y":-0.6974589228630066,"z":-0.018618138507008554,"w":0.7161278128623962},"size":1.8925377130508423,"orthographic":false}