{"cameraMode":{"drawMode":0,"name":"Shaded","section":"Shading Mode"},"sceneLighting":false,"audioPlay":false,"sceneViewState":{"showFog":true,"showMaterialUpdate":true,"showSkybox":true,"showFlares":true,"showImageEffects":true,"showParticleSystems":true},"in2DMode":false,"pivot":{"x":-55.7989387512207,"y":-10.2747802734375,"z":38.30698776245117},"rotation":{"x":-0.09288810938596726,"y":-0.8737801909446716,"z":0.44034937024116518,"w":-0.18431632220745088},"size":5.170042037963867,"orthographic":false}