{"cameraMode":{"drawMode":0,"name":"Shaded","section":"Shading Mode"},"sceneLighting":false,"audioPlay":false,"sceneViewState":{"showFog":true,"showMaterialUpdate":true,"showSkybox":true,"showFlares":true,"showImageEffects":true,"showParticleSystems":true},"in2DMode":false,"pivot":{"x":0.03401947021484375,"y":-0.8430049419403076,"z":0.08031943440437317},"rotation":{"x":-0.08478585630655289,"y":0.8502663373947144,"z":-0.14447499811649323,"w":-0.4989844858646393},"size":2.297428846359253,"orthographic":false}