{"cameraMode":{"drawMode":0,"name":"Shaded","section":"Shading Mode"},"sceneLighting":true,"audioPlay":false,"sceneViewState":{"showFog":true,"showMaterialUpdate":true,"showSkybox":true,"showFlares":true,"showImageEffects":true,"showParticleSystems":true},"in2DMode":false,"pivot":{"x":-0.6830616593360901,"y":2.8757882118225099,"z":-9.656628608703614},"rotation":{"x":0.19500257074832917,"y":-0.6794986724853516,"z":0.19488507509231568,"w":0.6799083948135376},"size":4.931207180023193,"orthographic":false}