{"cameraMode":{"drawMode":0,"name":"Shaded","section":"Shading Mode"},"sceneLighting":false,"audioPlay":false,"sceneViewState":{"showFog":true,"showMaterialUpdate":true,"showSkybox":true,"showFlares":true,"showImageEffects":true,"showParticleSystems":true},"in2DMode":false,"pivot":{"x":-18.129240036010743,"y":1.2322895526885987,"z":-9.031363487243653},"rotation":{"x":-0.06252134591341019,"y":0.1173919066786766,"z":-0.007405284326523542,"w":-0.9910879731178284},"size":2.8652243614196779,"orthographic":false}