{"cameraMode":{"drawMode":0,"name":"Shaded","section":"Shading Mode"},"sceneLighting":false,"audioPlay":false,"sceneViewState":{"showFog":true,"showMaterialUpdate":true,"showSkybox":true,"showFlares":true,"showImageEffects":true,"showParticleSystems":true},"in2DMode":false,"pivot":{"x":0.9524786472320557,"y":1.3935190439224244,"z":-9.899506568908692},"rotation":{"x":0.03725791722536087,"y":-0.11129327118396759,"z":-0.004175245296210051,"w":-0.993080198764801},"size":2.857884407043457,"orthographic":false}