{"cameraMode":{"drawMode":0,"name":"Shaded","section":"Shading Mode"},"sceneLighting":false,"audioPlay":false,"sceneViewState":{"showFog":true,"showMaterialUpdate":true,"showSkybox":true,"showFlares":true,"showImageEffects":true,"showParticleSystems":true},"in2DMode":false,"pivot":{"x":-1.5699656009674073,"y":7.501361846923828,"z":-13.7648286819458},"rotation":{"x":-0.0722164660692215,"y":0.7013187408447266,"z":-0.07178241014480591,"w":-0.7055381536483765},"size":7.569561004638672,"orthographic":false}