{"cameraMode":{"drawMode":0,"name":"Shaded","section":"Shading Mode"},"sceneLighting":false,"audioPlay":false,"sceneViewState":{"showFog":true,"showMaterialUpdate":true,"showSkybox":true,"showFlares":true,"showImageEffects":true,"showParticleSystems":true},"in2DMode":false,"pivot":{"x":-1.0333203077316285,"y":-0.7853131294250488,"z":0.024926364421844484},"rotation":{"x":0.15045806765556336,"y":-0.6920925974845886,"z":0.1509995460510254,"w":0.6896154284477234},"size":2.3551502227783205,"orthographic":false}