{"cameraMode":{"drawMode":0,"name":"Shaded","section":"Shading Mode"},"sceneLighting":false,"audioPlay":false,"sceneViewState":{"showFog":true,"showMaterialUpdate":true,"showSkybox":true,"showFlares":true,"showImageEffects":true,"showParticleSystems":true},"in2DMode":false,"pivot":{"x":-4.714597702026367,"y":2.1909289360046388,"z":-10.22610092163086},"rotation":{"x":-0.17892581224441529,"y":0.6705012321472168,"z":-0.17156419157981873,"w":-0.6992706060409546},"size":11.005199432373047,"orthographic":false}