{"cameraMode":{"drawMode":0,"name":"Shaded","section":"Shading Mode"},"sceneLighting":false,"audioPlay":false,"sceneViewState":{"showFog":true,"showMaterialUpdate":true,"showSkybox":true,"showFlares":true,"showImageEffects":true,"showParticleSystems":true},"in2DMode":false,"pivot":{"x":0.0000025480985641479494,"y":-0.00010642409324645996,"z":0.0},"rotation":{"x":0.00405237777158618,"y":0.9741649031639099,"z":-0.017537057399749757,"w":0.22511932253837586},"size":0.31429940462112429,"orthographic":false}